Data;PSR;PSI;AEROPORTO;ANITA;A07/A08;TOTAL;TOTAL COM VAGA 0
01/06/2022;19;3;6;7;;35;35
02/06/2022;19;4;10;9;;42;42
03/06/2022;15;3;11;8;;37;37
04/06/2022;11;7;6;7;;31;31
05/06/2022;9;6;4;4;;23;23
06/06/2022;10;6;7;6;;29;29
07/06/2022;17;3;9;6;;35;35
08/06/2022;20;6;8;9;;43;43
10/06/2022;9;4;4;2;;19;19
11/06/2022;8;0;9;3;;20;20
12/06/2022;11;0;9;3;;23;23
13/06/2022;10;0;7;3;;20;20
14/06/2022;15;1;5;2;;23;23
15/06/2022;7;0;5;5;;17;17
22/06/2022;10;5;4;6;;25;25
23/06/2022;9;0;7;6;;22;22
24/06/2022;9;1;6;1;;17;17
25/06/2022;10;0;4;3;;17;17
26/06/2022;11;0;1;2;;14;14
27/06/2022;5;1;2;3;;11;11
28/06/2022;9;1;10;3;;23;23
29/06/2022;15;2;6;8;;31;31
30/06/2022;21;1;7;8;;37;37
01/07/2022;14;1;6;6;;27;27
02/07/2022;11;0;1;2;;14;14
03/07/2022;19;0;10;6;;35;35
04/07/2022;18;0;5;3;;26;26
05/07/2022;10;1;4;7;;22;22
06/07/2022;11;4;5;7;;27;27
07/07/2022;16;4;7;6;;33;33
08/07/2022;13;2;9;2;;26;26
09/07/2022;12;2;7;7;;28;28
10/07/2022;12;1;4;0;;17;17
11/07/2022;5;0;3;1;;9;9
12/07/2022;7;0;3;1;;11;11
13/07/2022;7;0;1;3;;11;11
14/07/2022;4;0;4;1;;9;9
15/07/2022;7;0;1;3;;11;11
16/07/2022;9;0;3;4;;16;16
17/07/2022;4;1;2;1;;8;8
18/07/2022;8;0;2;3;;13;13
19/07/2022;7;0;3;1;;11;11
20/07/2022;7;0;2;7;;16;16
21/07/2022;11;0;6;3;;20;20
22/07/2022;9;1;3;1;;14;14
23/07/2022;12;0;2;7;;21;21
24/07/2022;8;1;4;2;;15;15
25/07/2022;5;1;3;3;;12;12
26/07/2022;10;0;4;3;;17;17
28/07/2022;20;1;4;7;;32;32
29/07/2022;16;0;8;3;;27;27
18/08/2022;25;3;12;12;;52;52
19/08/2022;11;1;12;10;;34;34
22/08/2022;23;1;6;7;;37;37
23/08/2022;25;0;9;7;;41;41
24/08/2022;28;0;9;4;;41;41
25/08/2022;27;0;5;5;;37;37
29/08/2022;4;1;9;7;;21;21
30/08/2022;5;0;9;6;;20;20
31/08/2022;12;1;6;5;;24;24
01/09/2022;14;2;5;3;;24;24
02/09/2022;11;1;8;7;;27;27
05/09/2022;10;1;2;5;;18;18
06/09/2022;8;1;4;4;;17;17
08/09/2022;2;1;1;1;;5;5
09/09/2022;9;3;3;3;;18;18
12/09/2022;12;2;5;7;;26;26
13/09/2022;15;1;6;7;;29;29
14/09/2022;19;0;11;1;;31;31
15/09/2022;22;1;7;8;;38;38
16/09/2022;18;1;4;5;;28;28
19/09/2022;15;0;8;6;;29;29
20/09/2022;19;0;8;8;;35;35
21/09/2022;16;0;8;11;;35;35
22/09/2022;17;0;9;6;;32;32
23/09/2022;15;1;10;5;;31;31
27/09/2022;7;0;3;4;;14;14
28/09/2022;6;0;0;3;;9;9
29/09/2022;8;0;2;2;;12;12
30/09/2022;6;1;1;2;;10;10
03/10/2022;2;1;2;0;;5;5
04/10/2022;0;0;0;4;;4;4
05/10/2022;3;0;0;0;;3;3
06/10/2022;4;1;3;0;;8;8
07/10/2022;4;1;1;4;;10;10
10/10/2022;0;1;0;0;;1;1
11/10/2022;7;0;0;2;;9;9
13/10/2022;2;0;0;0;;2;2
14/10/2022;3;0;4;1;;8;8
17/10/2022;3;0;5;2;;10;10
18/10/2022;3;0;1;4;;8;8
19/10/2022;9;0;5;5;;19;19
20/10/2022;8;0;5;5;;18;18
21/10/2022;9;1;4;2;;16;16
24/10/2022;8;0;3;2;;13;13
25/10/2022;10;0;0;2;;12;12
26/10/2022;14;3;8;5;;30;30
27/10/2022;10;2;12;8;;32;32
31/10/2022;3;2;8;3;;16;16
01/11/2022;6;1;2;2;;11;11
03/11/2022;8;1;1;3;;13;13
04/11/2022;3;0;2;2;;7;7
08/11/2022;1;1;2;2;;6;6
09/11/2022;8;0;2;2;;12;12
10/11/2022;2;0;2;1;;5;5
11/11/2022;4;1;2;0;;7;7
16/11/2022;7;2;6;1;;16;16
17/11/2022;11;1;8;3;;23;23
18/11/2022;13;1;9;3;;26;26
21/11/2022;12;0;5;4;;21;21
22/11/2022;16;0;9;3;;28;28
23/11/2022;9;2;5;0;;16;16
24/11/2022;14;2;4;3;;23;23
29/11/2022;0;0;1;0;;1;1
30/11/2022;1;1;1;1;;4;4
01/12/2022;3;0;1;0;;4;4
02/12/2022;0;0;1;0;;1;1
05/12/2022;0;0;1;1;;2;2
07/12/2022;4;0;2;1;;7;7
12/12/2022;7;0;1;6;;14;14
13/12/2022;2;0;1;1;;4;4
14/12/2022;7;0;2;2;;11;11
15/12/2022;8;1;0;6;;15;15
16/12/2022;8;0;3;2;;13;13
19/12/2022;7;0;2;2;;11;11
20/12/2022;12;0;6;1;;19;19
21/12/2022;5;2;6;2;;15;15
22/12/2022;6;0;3;1;;10;10
23/12/2022;1;0;1;5;;7;7
26/12/2022;2;0;2;0;;4;4
27/12/2022;2;0;3;1;;6;6
28/12/2022;8;0;2;4;;14;14
29/12/2022;4;1;4;4;;13;13
30/12/2022;7;2;3;2;;14;14
02/01/2023;2;0;2;2;;6;6
04/01/2023;3;0;1;1;;5;5
05/01/2023;4;0;3;2;;9;9
09/01/2023;10;0;3;6;;19;19
10/01/2023;12;0;7;9;;28;28
11/01/2023;21;0;11;5;;37;37
12/01/2023;17;0;8;5;;30;30
13/01/2023;10;1;6;8;;25;25
16/01/2023;6;0;3;2;;11;11
17/01/2023;1;0;0;0;;1;1
18/01/2023;5;1;1;0;;7;7
19/01/2023;4;0;2;1;;7;7
20/01/2023;4;0;1;2;;7;7
23/01/2023;5;0;3;3;;11;11
24/01/2023;7;1;2;5;;15;15
25/01/2023;13;1;4;1;;19;19
26/01/2023;12;0;2;5;;19;19
27/01/2023;5;0;7;2;;14;14
30/01/2023;8;0;0;1;;9;9
31/01/2023;4;2;1;2;;9;9
06/03/2023;16;6;7;2;;31;31
07/03/2023;15;6;9;6;;36;36
08/03/2023;20;4;10;9;;43;43
09/03/2023;22;7;8;6;;43;43
13/03/2023;17;9;5;3;;34;34
14/03/2023;20;5;8;6;;39;39
15/03/2023;16;5;4;7;;32;32
16/03/2023;9;3;9;7;;28;28
20/03/2023;18;5;3;7;;33;33
21/03/2023;14;4;8;5;;31;31
22/03/2023;16;1;5;5;;27;27
23/03/2023;18;1;4;10;;33;33
24/03/2023;19;2;7;9;;37;37
31/03/2023;21;3;6;4;;34;34
03/04/2023;12;0;4;1;;17;17
04/04/2023;6;3;7;3;;19;19
05/04/2023;11;1;6;3;;21;21
06/04/2023;3;2;4;3;;12;12
10/04/2023;11;3;7;4;;25;25
11/04/2023;9;4;4;2;;19;19
12/04/2023;13;4;1;1;;19;19
14/04/2023;8;3;5;4;;20;20
18/04/2023;4;4;2;3;;13;13
19/04/2023;10;2;1;3;;16;16
20/04/2023;11;1;6;3;;21;21
24/04/2023;1;0;3;0;;4;4
25/04/2023;5;0;5;3;;13;13
26/04/2023;12;0;8;5;;25;25
28/04/2023;13;1;7;5;;26;26
02/05/2023;24;0;10;4;;38;38
03/05/2023;12;2;10;7;;31;31
04/05/2023;10;2;8;5;;25;25
05/05/2023;10;1;9;3;;23;23
08/05/2023;11;2;1;1;;15;15
09/05/2023;13;1;2;3;;19;19
10/05/2023;13;3;5;5;;26;26
11/05/2023;16;3;3;3;;25;25
12/05/2023;18;1;6;4;;29;29
15/05/2023;9;0;12;2;;23;23
16/05/2023;12;0;8;1;;21;21
17/05/2023;15;1;7;6;;29;29
18/05/2023;19;0;7;7;;33;33
19/05/2023;16;0;9;5;;30;30
22/05/2023;20;0;7;11;;38;38
23/05/2023;17;1;5;6;;29;29
24/05/2023;15;1;7;5;;28;28
25/05/2023;19;1;8;5;;33;33
26/05/2023;21;2;6;6;;35;35
29/05/2023;10;6;7;5;;28;28
30/05/2023;12;1;8;7;;28;28
31/05/2023;19;1;9;7;;36;36
01/06/2023;19;1;11;4;;35;35
05/06/2023;16;2;2;4;;24;24
06/06/2023;13;2;5;4;;24;24
07/06/2023;14;0;8;3;;25;25
12/06/2023;10;1;2;5;;18;18
13/06/2023;13;0;10;10;;33;33
14/06/2023;13;0;7;7;;27;27
15/06/2023;19;0;5;4;;28;28
16/06/2023;19;0;6;5;;30;30
19/06/2023;11;2;6;4;;23;23
20/06/2023;18;2;8;3;;31;31
21/06/2023;20;3;8;7;;38;38
22/06/2023;17;1;6;6;;30;30
23/06/2023;21;1;7;4;;33;33
26/06/2023;18;0;4;2;;24;24
27/06/2023;14;3;5;5;;27;27
28/06/2023;12;0;7;8;;27;27
29/06/2023;18;4;10;5;;37;37
30/06/2023;20;3;9;3;;35;35
03/07/2023;18;4;4;5;;31;31
04/07/2023;20;3;2;8;;33;33
05/07/2023;19;2;6;8;;35;35
07/07/2023;19;1;4;7;;31;31
11/07/2023;19;0;6;6;;31;31
12/07/2023;16;1;6;12;;35;35
13/07/2023;18;0;4;4;;26;26
14/07/2023;15;0;6;2;;23;23
17/07/2023;6;0;3;2;;11;11
18/07/2023;9;0;1;1;;11;11
19/07/2023;16;0;4;3;;23;23
20/07/2023;13;0;3;6;;22;22
21/07/2023;12;0;6;5;;23;23
24/07/2023;11;0;4;6;;21;21
25/07/2023;9;1;3;4;;17;17
26/07/2023;6;1;2;2;;11;11
27/07/2023;4;0;2;2;;8;8
28/07/2023;4;0;3;1;;8;8
31/07/2023;13;1;1;2;;17;17
01/08/2023;10;1;4;6;;21;21
02/08/2023;8;1;8;4;;21;21
03/08/2023;9;1;11;4;;25;25
04/08/2023;14;0;10;6;;30;30
07/08/2023;9;5;7;5;;26;26
09/08/2023;18;3;6;0;;27;27
10/08/2023;15;4;3;3;;25;25
11/08/2023;7;4;6;8;;25;25
14/08/2023;4;0;1;0;;5;5
15/08/2023;2;2;0;0;;4;4
16/08/2023;1;2;1;0;;4;4
17/08/2023;5;1;1;0;;7;7
18/08/2023;2;1;0;0;;3;3
21/08/2023;0;3;0;0;;3;3
22/08/2023;5;1;0;1;;7;7
23/08/2023;3;2;6;2;;13;13
24/08/2023;8;0;5;5;;18;18
25/08/2023;5;2;4;3;;14;14
28/08/2023;1;0;1;0;;2;2
29/08/2023;1;0;1;2;;4;4
30/08/2023;2;1;3;0;;6;6
31/08/2023;9;1;0;1;;11;11
01/09/2023;4;1;1;1;;7;7
04/09/2023;4;3;1;0;;8;8
05/09/2023;1;0;0;0;;1;1
11/09/2023;8;0;5;7;;20;20
12/09/2023;4;0;4;1;;9;9
13/09/2023;9;0;4;3;;16;16
14/09/2023;13;0;2;3;;18;18
15/09/2023;15;0;7;6;;28;28
18/09/2023;11;1;3;2;;17;17
19/09/2023;13;2;5;5;;25;25
20/09/2023;10;0;3;6;;19;19
21/09/2023;8;0;5;5;;18;18
22/09/2023;14;0;7;5;;26;26
25/09/2023;4;1;0;0;;5;5
26/09/2023;6;1;7;6;;20;20
27/09/2023;9;2;7;11;;29;29
28/09/2023;11;2;4;6;;23;23
29/09/2023;11;0;6;4;;21;21
02/10/2023;0;2;2;1;;5;5
03/10/2023;6;0;5;3;;14;14
04/10/2023;4;0;5;4;;13;13
05/10/2023;6;4;3;4;;17;17
06/10/2023;8;2;2;2;;14;14
09/10/2023;0;0;0;0;;0;0
10/10/2023;1;0;1;1;;3;3
11/10/2023;1;0;1;1;;3;3
16/10/2023;0;0;1;0;;1;1
17/10/2023;4;2;3;3;;12;12
18/10/2023;14;1;5;4;;24;24
19/10/2023;10;1;3;1;;15;15
20/10/2023;2;1;1;0;;4;4
23/10/2023;1;0;3;2;;6;6
24/10/2023;4;1;1;2;;8;8
25/10/2023;3;1;4;2;;10;10
26/10/2023;7;1;5;3;;16;16
27/10/2023;4;0;1;0;;5;5
30/10/2023;0;1;0;1;;2;2
31/10/2023;1;0;1;0;;2;2
01/11/2023;4;3;3;1;;11;11
06/11/2023;3;2;2;4;;11;11
07/11/2023;8;0;2;6;;16;16
08/11/2023;13;2;6;7;;28;28
09/11/2023;16;1;4;8;;29;29
10/11/2023;14;0;4;4;;22;22
13/11/2023;14;1;2;4;;21;21
14/11/2023;13;2;3;5;;23;23
16/11/2023;12;1;5;5;;23;23
17/11/2023;15;1;8;4;;28;28
21/11/2023;4;0;4;6;;14;14
22/11/2023;11;0;10;3;;24;24
23/11/2023;15;0;9;2;;26;26
24/11/2023;14;1;4;5;;24;24
29/11/2023;5;0;7;6;;18;18
30/11/2023;6;1;9;7;;23;23
01/12/2023;9;1;4;4;;18;18
04/12/2023;9;0;4;4;;17;17
05/12/2023;7;0;2;9;;18;18
06/12/2023;15;1;6;7;;29;29
07/12/2023;14;1;8;6;;29;29
11/12/2023;0;1;0;0;;1;1
12/12/2023;2;2;1;0;;5;5
18/12/2023;1;0;3;3;;7;7
19/12/2023;9;0;2;0;;11;11
20/12/2023;8;1;4;0;;13;13
21/12/2023;5;1;3;2;;11;11
22/12/2023;2;1;2;2;;7;7
03/01/2024;3;0;3;1;;7;7
04/01/2024;2;0;1;0;;3;3
05/01/2024;1;0;0;1;;2;2
08/01/2024;5;0;2;0;;7;7
09/01/2024;2;0;0;3;;5;5
10/01/2024;2;0;0;0;;2;2
11/01/2024;0;1;1;0;;2;2
12/01/2024;0;0;0;0;;0;0
15/01/2024;3;0;2;0;;5;5
16/01/2024;7;0;2;2;;11;11
17/01/2024;6;0;4;1;;11;11
18/01/2024;9;0;1;2;;12;12
19/01/2024;6;0;1;3;;10;10
22/01/2024;0;0;0;0;;0;0
23/01/2024;4;0;1;1;;6;6
24/01/2024;5;0;2;0;;7;7
25/01/2024;8;0;4;1;;13;13
26/01/2024;7;0;4;1;;12;12
29/01/2024;2;0;2;1;;5;5
30/01/2024;4;0;3;4;;11;11
31/01/2024;13;0;4;2;;19;19
01/02/2024;7;0;2;3;;12;12
02/02/2024;7;0;3;1;;11;11
05/02/2024;0;0;0;0;;0;0
06/02/2024;2;0;4;0;;6;6
07/02/2024;9;0;6;2;;17;17
08/02/2024;9;0;5;4;;18;18
09/02/2024;11;0;4;3;;18;18
14/02/2024;10;1;5;1;;17;17
15/02/2024;11;1;7;0;;19;19
16/02/2024;6;0;1;4;;11;11
19/02/2024;2;0;0;0;;2;2
20/02/2024;3;0;0;3;;6;6
21/02/2024;4;0;5;2;;11;11
22/02/2024;4;0;2;1;;7;7
23/02/2024;3;0;7;5;;15;15
26/02/2024;4;3;2;0;;9;9
27/02/2024;12;1;2;3;;18;18
28/02/2024;5;1;6;3;;15;15
29/02/2024;8;0;7;5;;20;20
04/03/2024;11;3;3;6;;23;23
05/03/2024;15;2;8;3;;28;28
07/03/2024;14;3;6;2;;25;25
08/03/2024;14;0;7;4;;25;25
14/03/2024;12;0;2;2;;16;16
15/03/2024;11;1;4;5;;21;21
18/03/2024;3;5;5;4;;17;17
19/03/2024;18;2;4;1;;25;25
20/03/2024;15;3;2;3;;23;23
21/03/2024;17;4;5;1;;27;27
25/03/2024;9;2;4;1;;16;16
26/03/2024;11;4;5;5;;25;25
27/03/2024;17;1;7;6;;31;31
01/04/2024;15;2;9;5;;31;31
02/04/2024;17;3;8;2;;30;30
03/04/2024;12;0;9;1;;22;22
04/04/2024;16;6;5;5;;32;32
05/04/2024;14;2;7;8;;31;31
08/04/2024;16;1;3;2;;22;22
10/04/2024;20;6;7;5;;38;38
11/04/2024;22;4;9;6;;41;41
16/04/2024;21;6;10;6;;43;43
17/04/2024;27;4;10;4;;45;45
18/04/2024;25;5;9;4;;43;43
22/04/2024;7;5;5;3;;20;20
23/04/2024;11;3;6;6;;26;26
24/04/2024;17;0;5;5;;27;27
25/04/2024;15;2;4;6;;27;27
29/04/2024;13;8;5;4;;30;30
30/04/2024;10;3;6;4;;23;23
02/05/2024;16;3;13;3;;35;35
03/05/2024;10;2;4;4;;20;20
06/05/2024;12;2;2;1;;17;17
07/05/2024;5;3;2;4;;14;14
08/05/2024;12;9;4;2;;27;27
09/05/2024;10;7;7;6;;30;30
10/05/2024;9;6;8;3;;26;26
13/05/2024;19;5;4;4;;32;32
15/05/2024;16;6;3;2;;27;27
16/05/2024;8;3;1;0;;12;12
17/05/2024;3;1;2;0;;6;6
20/05/2024;6;3;3;1;;13;13
21/05/2024;11;4;8;3;;26;26
22/05/2024;16;1;9;4;;30;30
23/05/2024;5;0;4;1;;10;10
24/05/2024;9;1;5;2;;17;17
27/05/2024;9;2;6;5;;22;22
28/05/2024;13;1;6;2;;22;22
29/05/2024;14;2;0;4;;20;20
03/06/2024;2;1;1;2;;6;6
04/06/2024;2;0;0;0;;2;2
05/06/2024;8;0;3;2;;13;13
06/06/2024;3;1;0;1;;5;5
07/06/2024;5;1;1;2;;9;9
10/06/2024;9;1;4;3;;17;17
11/06/2024;9;1;6;2;;18;18
12/06/2024;15;3;8;5;;31;31
13/06/2024;9;1;4;5;;19;19
14/06/2024;11;0;4;1;;16;16
17/06/2024;19;3;7;3;;32;32
18/06/2024;22;1;11;4;;38;38
19/06/2024;22;1;9;3;;35;35
20/06/2024;21;2;9;3;;35;35
21/06/2024;21;5;9;4;;39;39
24/06/2024;20;1;9;2;;32;32
25/06/2024;22;3;9;6;;40;40
26/06/2024;25;5;7;5;;42;42
27/06/2024;20;2;6;4;;32;32
28/06/2024;13;3;3;3;;22;22
01/07/2024;22;5;5;5;;37;37
02/07/2024;27;5;7;8;;47;47
03/07/2024;31;3;5;2;;41;41
04/07/2024;17;4;5;3;;29;29
05/07/2024;19;1;5;1;;26;26
10/07/2024;19;2;6;3;;30;30
12/07/2024;15;0;4;3;;22;22
15/07/2024;9;0;1;3;;13;13
16/07/2024;9;2;2;7;;20;20
17/07/2024;14;1;4;3;;22;22
18/07/2024;13;2;5;3;;23;23
19/07/2024;15;0;4;4;;23;23
22/07/2024;14;0;7;4;;25;25
23/07/2024;13;1;4;4;;22;22
24/07/2024;17;1;6;4;;28;28
25/07/2024;17;0;7;2;;26;26
26/07/2024;10;0;6;5;;21;21
29/07/2024;14;0;6;2;;22;22
30/07/2024;14;0;9;3;;26;26
31/07/2024;14;2;5;1;;22;22
01/08/2024;20;0;4;4;;28;28
02/08/2024;21;0;6;2;;29;29
05/08/2024;5;0;6;2;;13;13
06/08/2024;8;0;3;2;;13;13
07/08/2024;8;0;7;2;;17;17
08/08/2024;3;0;3;0;;6;6
09/08/2024;2;0;2;0;;4;4
12/08/2024;2;0;0;1;;3;3
13/08/2024;6;1;0;0;;7;7
14/08/2024;5;2;0;0;;7;7
15/08/2024;9;4;1;2;;16;16
16/08/2024;12;2;3;2;;19;19
19/08/2024;6;0;1;2;;9;9
20/08/2024;12;0;4;1;;17;17
21/08/2024;9;1;11;6;;27;27
22/08/2024;10;0;5;0;;15;15
23/08/2024;14;0;4;2;;20;20
26/08/2024;12;0;4;2;;18;18
27/08/2024;11;0;7;1;;19;19
28/08/2024;15;0;11;3;;29;29
29/08/2024;15;2;6;4;;27;27
02/09/2024;14;1;1;0;;16;16
03/09/2024;4;1;2;2;;9;9
04/09/2024;7;4;2;2;;15;15
05/09/2024;2;1;2;2;;7;7
06/09/2024;6;1;4;2;;13;13
10/09/2024;14;3;4;4;;25;25
11/09/2024;19;1;5;5;;30;30
13/09/2024;14;0;4;4;;22;22
16/09/2024;11;3;3;3;;20;20
17/09/2024;9;1;8;5;;23;23
18/09/2024;19;1;4;5;;29;29
19/09/2024;17;2;8;3;;30;30
20/09/2024;16;3;5;5;;29;29
24/09/2024;7;0;4;2;;13;13
25/09/2024;16;0;5;4;;25;25
26/09/2024;15;0;6;4;;25;25
27/09/2024;17;0;6;4;;27;27
30/09/2024;12;1;4;4;;21;21
01/10/2024;16;0;3;5;;24;24
02/10/2024;8;4;6;3;;21;21
03/10/2024;17;0;7;4;;28;28
04/10/2024;16;1;6;7;;30;30
07/10/2024;9;0;4;7;;20;20
08/10/2024;8;0;4;3;;15;15
09/10/2024;18;0;3;4;;25;25
10/10/2024;10;1;9;2;;22;22
11/10/2024;7;1;9;4;;21;21
14/10/2024;12;0;2;0;;14;14
15/10/2024;16;2;3;4;;25;25
16/10/2024;12;1;2;5;;20;20
17/10/2024;8;0;4;2;;14;14
18/10/2024;9;0;3;2;;14;14
21/10/2024;7;4;3;2;;16;16
23/10/2024;6;3;7;7;;23;23
24/10/2024;9;0;4;0;;13;13
25/10/2024;11;0;5;4;;20;20
29/10/2024;3;0;0;0;;3;3
30/10/2024;4;0;0;4;;8;8
31/10/2024;14;1;4;6;;25;25
01/11/2024;14;0;5;3;;22;22
04/11/2024;7;0;1;0;;8;8
05/11/2024;3;0;0;1;;4;4
06/11/2024;6;0;4;2;;12;12
07/11/2024;10;3;4;0;;17;17
08/11/2024;3;1;1;1;;6;6
12/11/2024;8;1;3;2;;14;14
13/11/2024;9;0;4;3;;16;16
14/11/2024;11;0;4;3;;18;18
18/11/2024;0;1;0;0;;1;1
19/11/2024;2;2;4;0;;8;8
21/11/2024;14;1;5;4;;24;24
22/11/2024;23;0;1;2;;26;26
25/11/2024;7;0;2;1;;10;10
26/11/2024;4;1;1;0;;6;6
27/11/2024;6;0;0;3;;9;9
02/12/2024;5;4;3;2;;14;14
03/12/2024;7;1;4;6;;18;18
04/12/2024;19;2;7;2;;30;30
05/12/2024;23;4;7;3;;37;37
06/12/2024;13;1;6;5;;25;25
09/12/2024;14;1;4;4;;23;23
10/12/2024;15;1;4;1;;21;21
11/12/2024;15;0;5;3;;23;23
12/12/2024;14;1;8;3;;26;26
13/12/2024;21;0;5;2;;28;28
16/12/2024;3;1;1;0;;5;5
17/12/2024;7;1;1;4;;13;13
18/12/2024;9;1;3;6;;19;19
19/12/2024;9;1;6;1;;17;17
20/12/2024;4;1;2;1;;8;8
23/12/2024;6;0;0;1;;7;7
26/12/2024;2;1;0;1;;4;4
27/12/2024;3;0;0;0;;3;3
30/12/2024;1;0;0;0;;1;1
31/12/2024;2;1;2;3;;8;8
02/01/2025;4;0;3;2;;9;9
03/01/2025;3;0;0;2;;5;5
06/01/2025;6;0;0;0;;6;6
07/01/2025;4;1;2;1;;8;8
08/01/2025;11;0;5;2;;18;18
10/01/2025;18;0;5;5;;28;28
13/01/2025;9;0;1;2;;12;12
14/01/2025;13;0;0;3;;16;16
15/01/2025;21;0;2;3;;26;26
16/01/2025;19;1;1;3;;24;24
17/01/2025;12;0;1;3;;16;16
20/01/2025;5;1;3;2;;11;11
21/01/2025;13;0;2;5;;20;20
22/01/2025;20;2;6;5;;33;33
24/01/2025;13;1;3;6;;23;23
28/01/2025;16;0;3;4;;23;23
30/01/2025;15;0;8;3;;26;26
31/01/2025;7;0;2;2;;11;11
03/02/2025;11;2;2;2;;17;17
04/02/2025;12;1;5;2;;20;20
05/02/2025;16;2;3;1;;22;22
06/02/2025;23;1;4;4;;32;32
07/02/2025;20;1;2;3;;26;26
10/02/2025;9;0;2;4;;15;15
11/02/2025;10;1;1;3;;15;15
12/02/2025;13;3;4;2;;22;22
13/02/2025;17;4;3;2;;26;26
14/02/2025;29;6;5;6;;46;46
17/02/2025;21;1;7;5;;34;34
18/02/2025;20;0;8;2;;30;30
19/02/2025;25;1;8;3;;37;37
20/02/2025;16;3;5;5;;29;29
21/02/2025;14;2;5;4;;25;25
24/02/2025;14;0;6;5;;25;25
25/02/2025;13;0;4;6;;23;23
26/02/2025;13;0;4;1;;18;18
28/02/2025;7;0;5;1;;13;13
05/03/2025;10;0;2;3;;15;15
06/03/2025;12;3;2;3;;20;20
07/03/2025;6;3;1;5;;15;15
11/03/2025;7;1;3;0;;11;11
12/03/2025;13;2;1;4;;20;20
13/03/2025;14;2;1;3;;20;20
14/03/2025;9;2;2;3;;16;16
17/03/2025;2;0;0;1;;3;3
18/03/2025;3;0;1;1;;5;5
19/03/2025;2;0;3;2;;7;7
20/03/2025;6;0;3;2;;11;11
21/03/2025;6;2;3;3;;14;14
24/03/2025;5;1;3;2;;11;11
25/03/2025;15;5;5;4;;29;29
26/03/2025;19;1;4;3;;27;27
27/03/2025;16;3;5;4;;28;28
28/03/2025;8;3;5;2;;18;18
31/03/2025;9;7;6;1;;23;23
01/04/2025;14;1;5;2;;22;22
02/04/2025;19;4;11;4;;38;38
03/04/2025;13;4;8;6;;31;31
04/04/2025;15;5;9;6;;35;35
07/04/2025;17;1;5;2;;25;25
08/04/2025;15;0;8;2;;25;25
09/04/2025;23;1;6;3;;33;33
10/04/2025;20;4;9;7;;40;40
11/04/2025;13;2;9;8;;32;32
14/04/2025;18;1;9;6;;34;34
15/04/2025;17;1;5;8;;31;31
16/04/2025;24;7;7;9;;47;47
17/04/2025;18;10;5;6;;39;39
23/04/2025;19;12;10;4;;45;45
24/04/2025;19;10;10;4;;43;43
25/04/2025;17;6;7;5;;35;35
28/04/2025;18;7;3;2;;30;30
29/04/2025;18;10;9;3;13;40;53
30/04/2025;20;7;14;6;12;47;59
05/05/2025;12;8;8;5;22;33;55
06/05/2025;15;7;11;3;14;36;50
07/05/2025;18;8;15;7;14;48;62
08/05/2025;32;8;12;7;9;59;68
09/05/2025;33;12;13;9;2;67;69
12/05/2025;21;10;7;2;4;40;44
13/05/2025;17;10;9;5;10;41;51
14/05/2025;16;11;10;5;16;42;58
15/05/2025;17;9;5;7;16;38;54
16/05/2025;18;4;8;10;4;40;44
19/05/2025;14;4;4;4;4;26;30
20/05/2025;20;8;5;4;0;37;37
21/05/2025;13;5;4;6;2;28;30
22/05/2025;21;3;5;8;1;37;38
23/05/2025;20;1;7;6;3;34;37
26/05/2025;21;6;7;6;8;40;48
27/05/2025;27;6;12;4;8;49;57
28/05/2025;26;5;7;4;0;42;42
29/05/2025;16;5;10;6;5;37;42
30/05/2025;16;4;13;7;6;40;46
02/06/2025;21;1;6;2;6;30;36
03/06/2025;17;4;5;2;10;28;38
04/06/2025;18;3;4;3;9;28;37
05/06/2025;19;8;15;4;3;46;49
06/06/2025;12;4;10;6;2;32;34
09/06/2025;25;2;9;7;5;43;48
10/06/2025;26;3;6;5;6;40;46
11/06/2025;26;3;9;2;5;40;45
12/06/2025;23;0;9;4;14;36;50
13/06/2025;17;0;9;6;17;32;49
16/06/2025;18;3;11;4;16;36;52
17/06/2025;16;8;11;3;23;38;61
18/06/2025;19;7;11;6;14;43;57
19/06/2025;25;0;0;4;6;29;35
20/06/2025;17;1;0;4;0;22;22
21/06/2025;18;1;8;5;9;32;41
22/06/2025;16;2;0;6;5;24;29
23/06/2025;22;0;7;10;1;39;40
24/06/2025;24;7;6;5;13;42;55
25/06/2025;18;6;10;8;25;42;67
26/06/2025;15;6;9;7;21;37;58
27/06/2025;15;7;6;6;16;34;50
30/06/2025;25;3;8;7;1;43;44
01/07/2025;25;5;13;11;3;54;57
02/07/2025;25;2;11;7;15;45;60
03/07/2025;18;1;8;10;14;37;51
04/07/2025;20;1;11;9;13;41;54
07/07/2025;20;5;4;6;7;35;42
08/07/2025;25;2;7;3;1;37;38
10/07/2025;17;2;10;3;7;32;39
11/07/2025;13;2;5;2;2;22;24
14/07/2025;10;1;7;4;0;22;22
15/07/2025;11;3;4;3;14;21;35
16/07/2025;18;3;11;4;11;36;47
17/07/2025;18;2;11;6;16;37;53
18/07/2025;21;3;8;3;14;35;49
21/07/2025;19;2;3;4;18;28;46
22/07/2025;16;0;7;4;17;27;44
23/07/2025;20;1;9;4;16;34;50
24/07/2025;21;0;5;8;2;34;36
25/07/2025;22;0;10;5;5;37;42
28/07/2025;17;1;2;4;6;24;30
29/07/2025;9;1;3;3;4;16;20
30/07/2025;14;1;4;6;0;25;25
31/07/2025;15;0;5;4;10;24;34
01/08/2025;10;0;6;2;8;18;26
04/08/2025;16;2;5;1;8;24;32
05/08/2025;16;5;6;5;1;32;33
06/08/2025;12;4;8;5;1;29;30
07/08/2025;17;4;8;5;8;34;42
08/08/2025;14;2;15;6;4;37;41
11/08/2025;9;3;4;2;4;18;22
12/08/2025;20;0;7;2;1;29;30
13/08/2025;22;0;4;5;10;31;41
14/08/2025;20;0;5;9;2;34;36
15/08/2025;24;0;10;6;9;40;49
18/08/2025;22;1;6;2;8;31;39
19/08/2025;19;0;12;5;10;36;46
20/08/2025;15;0;10;8;12;33;45
21/08/2025;18;1;11;9;9;39;48
22/08/2025;19;1;10;8;10;38;48
25/08/2025;14;3;6;5;18;28;46
26/08/2025;17;3;11;6;17;37;54
27/08/2025;21;5;9;5;17;40;57
28/08/2025;15;5;6;6;24;32;56
29/08/2025;12;2;5;2;23;21;44
01/09/2025;18;1;6;2;2;27;29
02/09/2025;14;3;9;3;6;29;35
03/09/2025;17;2;3;4;15;26;41
04/09/2025;18;3;1;4;8;26;34
05/09/2025;14;1;5;4;4;24;28
08/09/2025;11;4;7;5;11;27;38
09/09/2025;16;2;5;2;17;25;42
10/09/2025;18;0;9;5;18;32;50
11/09/2025;25;3;10;9;14;47;61
12/09/2025;21;2;12;8;5;43;48
15/09/2025;21;4;10;9;6;44;50
16/09/2025;25;4;10;6;2;45;47
17/09/2025;27;1;9;5;9;42;51
18/09/2025;18;3;9;6;11;36;47
19/09/2025;16;2;7;6;9;31;40
22/09/2025;16;4;8;4;12;32;44
23/09/2025;15;2;6;2;10;25;35
24/09/2025;18;8;9;1;11;36;47
25/09/2025;23;8;6;2;14;39;53
26/09/2025;23;7;5;3;9;38;47
29/09/2025;15;0;8;6;15;29;44
30/09/2025;12;2;6;5;15;25;40
01/10/2025;16;1;7;7;20;31;51
02/10/2025;17;2;3;5;16;27;43
03/10/2025;21;1;11;6;14;39;53
06/10/2025;13;2;9;5;22;29;51
07/10/2025;15;3;9;7;22;34;56
08/10/2025;18;4;9;6;16;37;53
09/10/2025;22;4;11;9;10;46;56
10/10/2025;17;3;9;6;16;35;51
13/10/2025;27;1;4;7;6;39;45
14/10/2025;18;3;5;4;4;30;34
15/10/2025;14;5;5;2;6;26;32
16/10/2025;21;3;7;8;2;39;41
17/10/2025;17;5;9;5;2;36;38
20/10/2025;20;3;7;6;11;36;47
21/10/2025;13;5;11;5;19;34;53
22/10/2025;18;2;14;6;15;40;55
23/10/2025;23;1;13;7;15;44;59
24/10/2025;20;3;11;7;11;41;52
29/10/2025;24;2;7;9;0;42;42
30/10/2025;25;5;4;12;3;46;49
31/10/2025;21;2;4;9;0;36;36
03/11/2025;8;0;4;2;0;14;14
04/11/2025;10;2;5;2;1;19;20
05/11/2025;8;3;5;3;0;19;19
06/11/2025;12;3;2;7;0;24;24
07/11/2025;13;0;2;4;0;19;19
10/11/2025;9;0;4;4;0;17;17
11/11/2025;15;0;5;2;0;22;22
12/11/2025;14;0;3;4;0;21;21
13/11/2025;13;0;4;3;0;20;20
14/11/2025;11;0;5;4;0;20;20
17/11/2025;15;1;8;4;0;28;28
18/11/2025;16;2;10;4;0;32;32
19/11/2025;11;3;4;4;0;22;22
24/11/2025;10;0;3;1;0;14;14
25/11/2025;14;0;6;2;0;22;22
26/11/2025;17;0;6;4;0;27;27
27/11/2025;26;0;9;6;2;41;43
01/12/2025;20;0;8;8;0;36;36
02/12/2025;23;0;3;4;8;30;38
03/12/2025;24;1;8;8;7;41;48
04/12/2025;29;1;10;4;2;44;46
05/12/2025;30;0;11;8;1;49;50
09/12/2025;15;3;7;4;5;29;34
10/12/2025;12;0;4;3;0;19;19
11/12/2025;4;1;5;1;0;11;11
12/12/2025;5;0;1;2;0;8;8
15/12/2025;6;0;1;2;0;9;9
16/12/2025;5;0;1;9;2;15;17
17/12/2025;17;1;9;9;1;36;37
18/12/2025;25;2;6;8;2;41;43
19/12/2025;16;3;4;4;0;27;27
22/12/2025;13;1;6;0;0;20;20
23/12/2025;16;0;4;3;0;23;23
24/12/2025;14;0;4;4;0;22;22
29/12/2025;32;0;11;7;0;50;50
30/12/2025;28;1;9;9;0;47;47
31/12/2025;21;1;9;6;1;37;38
05/01/2026;17;0;10;10;0;37;37
06/01/2026;22;0;10;7;1;39;40
07/01/2026;16;0;9;10;0;35;35
08/01/2026;18;1;8;6;2;33;35
09/01/2026;18;0;7;2;0;27;27
12/01/2026;12;0;6;2;0;20;20
13/01/2026;13;0;9;3;1;25;26
14/01/2026;24;1;13;3;0;41;41
15/01/2026;25;0;14;5;0;44;44
16/01/2026;28;1;11;4;2;44;46
19/01/2026;17;0;10;6;0;33;33
20/01/2026;14;0;12;3;2;29;31
21/01/2026;13;1;7;3;0;24;24
22/01/2026;16;1;6;6;2;29;31
23/01/2026;16;0;7;3;0;26;26
26/01/2026;16;0;3;5;0;24;24
27/01/2026;25;0;6;3;0;34;34
28/01/2026;25;0;7;2;2;34;36
29/01/2026;21;0;10;5;0;36;36
30/01/2026;18;0;6;2;1;26;27
02/02/2026;12;0;6;2;0;20;20
03/02/2026;18;0;8;5;2;31;33
04/02/2026;22;1;12;4;0;39;39
05/02/2026;18;0;15;10;2;43;45
06/02/2026;19;2;13;4;0;38;38
09/02/2026;17;1;3;3;0;24;24
10/02/2026;21;1;5;3;2;30;32
11/02/2026;30;0;5;4;1;39;40
12/02/2026;36;4;10;8;0;58;58
19/02/2026;25;7;9;8;4;49;53
20/02/2026;25;3;14;6;9;48;57
23/02/2026;27;3;8;9;1;47;48
24/02/2026;27;1;8;9;0;45;45
25/02/2026;27;0;10;12;0;49;49
26/02/2026;28;2;11;16;5;57;62
27/02/2026;27;3;12;8;0;50;50
02/03/2026;19;0;15;10;0;44;44
03/03/2026;26;0;15;14;0;55;55
04/03/2026;28;0;13;12;1;53;54
05/03/2026;28;2;13;12;0;55;55
06/03/2026;29;4;14;12;1;59;60
09/03/2026;20;7;9;4;1;40;41
10/03/2026;23;8;13;8;5;52;57
11/03/2026;33;8;13;8;8;62;70
12/03/2026;32;3;12;10;1;57;58
13/03/2026;25;2;12;8;0;47;47
16/03/2026;23;4;10;5;0;42;42
17/03/2026;24;2;11;9;0;46;46
18/03/2026;27;2;7;5;4;41;45
19/03/2026;22;1;11;9;4;43;47
20/03/2026;21;1;8;7;2;37;39
23/03/2026;16;2;9;12;0;39;39
24/03/2026;17;4;13;9;2;43;45
25/03/2026;24;2;14;10;0;50;50
26/03/2026;28;3;14;7;1;52;53
27/03/2026;18;3;11;4;0;36;36
30/03/2026;16;4;5;6;1;31;32
31/03/2026;14;1;5;5;7;25;32
01/04/2026;10;1;7;6;4;24;28
02/04/2026;13;7;9;6;4;35;39
06/04/2026;19;0;13;5;1;37;38
07/04/2026;26;0;17;5;1;48;49
08/04/2026;30;1;11;7;4;49;53
09/04/2026;29;3;5;6;0;43;43
